<?xml version="1.0" encoding="UTF-8"?>
<project-private xmlns="http://www.netbeans.org/ns/project-private/1">
    <editor-bookmarks xmlns="http://www.netbeans.org/ns/editor-bookmarks/2" lastBookmarkId="0"/>
    <open-files xmlns="http://www.netbeans.org/ns/projectui-open-files/2">
        <group>
            <file>file:/C:/Users/h/Downloads/OOP_btl_02-master/src/src_code/Main.java</file>
            <file>file:/C:/Users/h/Downloads/OOP_btl_02-master/src/src_code/stone.java</file>
            <file>file:/C:/Users/h/Downloads/OOP_btl_02-master/src/src_code/bom.java</file>
            <file>file:/C:/Users/h/Downloads/OOP_btl_02-master/map/lv1.txt</file>
            <file>file:/C:/Users/h/Downloads/OOP_btl_02-master/src/src_code/bomber.java</file>
            <file>file:/C:/Users/h/Downloads/OOP_btl_02-master/src/src_code/wood.java</file>
            <file>file:/C:/Users/h/Downloads/OOP_btl_02-master/src/src_code/ghost.java</file>
            <file>file:/C:/Users/h/Downloads/OOP_btl_02-master/src/src_code/nen.java</file>
        </group>
    </open-files>
</project-private>
